vos_train_id,reason,detail
002,is_360vot_sequence,0001
003,is_360vot_sequence,0003
004,is_360vot_sequence,0004
012,is_360vot_sequence,0006
013,is_360vot_sequence,0007
014,is_360vot_sequence,0008
017,is_360vot_sequence,0014
019,is_360vot_sequence,0015
020,is_360vot_sequence,0016
021,is_360vot_sequence,0018
023,is_360vot_sequence,0019
032,is_360vot_sequence,0026
033,is_360vot_sequence,0027
034,is_360vot_sequence,0029
035,is_360vot_sequence,0030
036,is_360vot_sequence,0031
037,is_360vot_sequence,0032
038,is_360vot_sequence,0033
039,is_360vot_sequence,0034
040,is_360vot_sequence,0035
041,is_360vot_sequence,0036
042,is_360vot_sequence,0037
043,is_360vot_sequence,0038
044,is_360vot_sequence,0039
045,is_360vot_sequence,0040
046,is_360vot_sequence,0041
052,masks_do_not_match_frames,
053,same_video_as_360vot_sequence,0027
056,is_360vot_sequence,0044
057,is_360vot_sequence,0045
058,is_360vot_sequence,0046
060,is_360vot_sequence,0047
065,is_360vot_sequence,0048
066,is_360vot_sequence,0049
067,is_360vot_sequence,0050
071,is_360vot_sequence,0055
072,same_video_as_360vot_sequence,0053
073,is_360vot_sequence,0053
074,is_360vot_sequence,0054
075,is_360vot_sequence,0057
077,is_360vot_sequence,0058
079,is_360vot_sequence,0060
083,is_360vot_sequence,0061
084,is_360vot_sequence,0062
085,is_360vot_sequence,0063
086,is_360vot_sequence,0064
087,is_360vot_sequence,0065
088,is_360vot_sequence,0066
089,is_360vot_sequence,0067
090,is_360vot_sequence,0069
091,is_360vot_sequence,0068
092,is_360vot_sequence,0070
094,is_360vot_sequence,0073
096,is_360vot_sequence,0074
103,is_360vot_sequence,0076
104,is_360vot_sequence,0002
105,is_360vot_sequence,0077
106,is_360vot_sequence,0078
113,is_360vot_sequence,0005
114,is_360vot_sequence,0080
115,is_360vot_sequence,0056
116,is_360vot_sequence,0081
117,multiple_targets,
120,is_360vot_sequence,0082
121,is_360vot_sequence,0083
122,is_360vot_sequence,0084
123,is_360vot_sequence,0085
124,is_360vot_sequence,0086
125,is_360vot_sequence,0071
126,is_360vot_sequence,0087
127,is_360vot_sequence,0088
128,is_360vot_sequence,0089
129,is_360vot_sequence,0090
130,is_360vot_sequence,0091
132,same_video_as_360vot_sequence,0092
133,is_360vot_sequence,0092
134,is_360vot_sequence,0093
135,is_360vot_sequence,0094
136,is_360vot_sequence,0020
137,is_360vot_sequence,0024
138,is_360vot_sequence,0025
141,is_360vot_sequence,0095
142,is_360vot_sequence,0096
143,is_360vot_sequence,0097
144,is_360vot_sequence,0098
145,is_360vot_sequence,0099
146,is_360vot_sequence,0100
147,is_360vot_sequence,0101
148,same_video_as_360vot_sequence,0100+0101
152,is_360vot_sequence,0102
153,is_360vot_sequence,0103
154,is_360vot_sequence,0104
155,is_360vot_sequence,0105
157,is_360vot_sequence,0108
158,is_360vot_sequence,0109
161,is_360vot_sequence,0111
162,is_360vot_sequence,0112
164,is_360vot_sequence,0114
165,is_360vot_sequence,0115
166,is_360vot_sequence,0116
167,is_360vot_sequence,0117
168,is_360vot_sequence,0118
169,is_360vot_sequence,0119
170,same_video_as_360vot_sequence,0015
